Abandon,0288
Absurde,0341
Adjectif,0322
Adverbe,0322
Adolescence 0306
Agent double,0085
Aiguilleur narratif,0289, 0301, 0307, 0312, 0313, 0314, 0315, 0316, 0318, 0319, 0320, 0323,0352
Ambulance,0588
Amerrissage,0338,0339,0340,0341,0343,0345,0348
Ami,0592,0595,0605
Amour,0111, 0263,0793
Ange,0108
Appareillage,0313
Arbitragiste,0286 
Arbre,0283
Archives,0284
Argent,0792
Art du roman,1236
Asphyxie,0394
Autre 0782,0793
Avion (aviation),0220, 0314, 0323, 0327,0399
Bagage 0537
Banlieue 0065
Bateau (vaisseau, arsenal) 0256, 0286, 0287
Bavard (bavardage),0043, 0045, 0053, 1233
Benne (benne de camion) 0480,0481,0532,0535,0537,568
Bowling,0632
Bulle (bulle de contentement),0344,0345,0781
Bunker,0264
Cahier de charges,0316, 0319, 0321, 0322
Campagne,0298
Cap (franchir un cap),0204, 0205
Capsule orbitale,0220
Capteur (pisteur),0089, 0097, 0098, 0099, 0110
Cauchemar,0248, 0299, 0340
Catalogage,0310
Catastrophe,0583
Chaman (sorcier),0305, 0320
Chant (chanteur),0794
Chat,0414
Chemin de traverse,0386, 0387
Chevalerie,0056
Chute,0029, 0112, 0113, 0114,0437,0473
Climat,0300
Cloaque,0368,0369,0370
Clochard,0406,0408,0411,0412,0416,0544,0547,0590
Cloud,0687
Code (code de vie, code d'honneur, hommes d'honneur),0260, 0299, 0301, 0305, 0325
Collision,0536
Commissaire,0303, 0304, 0305
Compagnonnage,0031
Complexe de Chaplin (Charlie Chaplin),0047, 0048,0598,0599,0600,0613,0779
Complexe d'Icare,0341,0342
Complexe du porte-voix,0380,0384,0406,0422,0423,0424,0428,0429,0439,0440,0447,0586
Combat (conflit, lutte),0014, 0015, 0100, 0120
Commerce,0452
Comportement,0193
Confinement,0308
Conseil d'administration,0574,0576
Conte,0098, 0112
Corolle,0330,0351
Cosmogonie,0287,0452
Course,0295
Cri,0536
Criminel (crime),0110,0533
Crucifixion,0108
Culture,0305
Deadhead (Grateful Dead),0537,0553
Devise 0264
Diable 0335
Directeur 0121
Disparition,0782
Disparition du livre,0349
Divan 0216, 0217
Domestication,0307
Effacement (partisans de l'effacement),0310
Effondrement,0190, 0192
Empathie,0016, 0306, 1233
Emploi,0552
Entreprise,0346,0347
Espace public,0216
Espionnage (espion),0300
Examen (qualification, test),0297
Exode,0629
Exterminateur,0544,0545,0547,0548
Faillite,0549
Famille,0116
Fatigue,0114
Feuillet,0264, 0265
Fin du monde,0100, 0287
Folie,0092,0381,0393,0437
Fonctionnaire,0301, 0318
Formation,0424
Fourmi,0252, 0253, 0254,0346
Fugue,0592
Fuite (repli),0219, 0246, 0259,0785
Gramophone,0414
Habitacle (habitacle narratif),0019, 0304
Haddock,0263
Hallucination,0343,0344
Halte,0290
Horaire,0442
Horizon (ligne d'horizon),0343,0344
Identification,0331
Idiot,0551,0792
Ignorance,0104
Illusion (subterfuge),0054, 0085
Image de marque 0317
Image mentale,0283
Impasse,0473
Imprimeur,0698
Inspecteur,0606
Interrogatoire,0342,0348
Intouchable,0790
Jeff,1235, 1236
Jumeau,0407,0412,0416,0420,0421,0424,0427,0433,0434,0435,0436,0439,0441,0447,0451
Kitsch,0303
Langage (retard du langage, grammaire amoureuse),0045, 0095, 0097, 0099, 0119, 0202, 0203, 0204, 0220, 0283, 0289, 0290, 0301, 0306, 0307, 0310, 0322, 0323,0481,0533
Lecture (lecteur, cabinet de consultants en lecture, archi lecteur),0113, 0121, 0122, 0306, 0312, 0313, 0315,0349,0350,0551,0685,0687,0688,0693,0697,0698,0769,0796,0797
Lexique,0311
Livre (disparition du livre),0311, 0332
Locomotion,0035
Luciole,0295
Lyrisme (lyrisme bancal),0054, 0056, 0057, 0287
Machine 0397
Maison (maison bourgeoise, maison au bord de l'eau),0033, 0011,0418,0420
Maladie (maladie alternative) 0294,0594,0596
Mandat 0472,0480
Manie 0564
Marche,0021, 0026, 0027, 0028, 0029, 0190, 0192, 0292, 0293,0390,0438,0588
Marionnette 0600
Marrane 0625,0626,0630
Mesureur,0332
Migraine 0257, 0258
Migrant 0602
Mine 0787,0789
Misanthropie 0374
Mot de passe,0101
Musique (musicien),1234, 1235, 1236
Mutation,0561
Naissance,0764
Narcissisme,0059, 0265
Narrateur (narrateur secondaire, narrateur de service, vigile),0352,0360,0361,0362,0363,0364,0365,0366,0367,0368,0369,0370,0371
Non-espace,0028, 0029, 0030
Nord 0115, 0119, 0120
Note bleue 1235
Nuit (route de nuit),0114, 0218, 0260
Objet d'art 0287
Oncle 0566,0577
Orient (philosophie orientale),0257
Origine,0586,0604
Page (bas de la page),0112,0796
Paletot noir,0010
Patient,0049, 0051,0400,0403,0426,0427,0429,0431,0442,0446,0589,0590,0591
Parole (marathon de la parole),0037, 0045, 0046, 0047, 0063, 0118, 0215, 0219, 0258, 0290,0782,0785
Parolier,0791
Passion,0797,0798
Patient,0414,0422
Paysage,0303
Penseur,0367
Personnage,0112,0372,0765
Phrase (phrase la plus longue, phrase d'un roman) 0296, 0297,0349
Pierre philosophale,0299
Pilote,0338,0339,0342,0343,0344,0345,0347,0348
Plage,0308, 0310
Plagiaire (plagiat),0107, 0111, 0329, 0336, 0337,0351,0358,0359,0393
Plateforme,0283, 0284, 0285, 0323, 0331
Porte,0101
Poucet,0246
Pourrissant,0764,0765
Poursuite,0423
Printemps,0247
Prison,0329
Protocole,0339,0341,0347
Pseudo philosophie 0118, 0119, 0244
Psychiatre,0380,0381,0384,0393,0400,0401,0402,0403,0404,0405,0406,0407,0409,0410,0411,0412,0413,0414,0415,0416,0422,0423,0424,0428,0431,0433,0440,0540,0569,0570,0571,0573,0578,0586,0587,0597,0598,0599,0621
Psychiatre Bellehumeur,0607,0608,0609,0618,0619,0621,0622,0624,0625,0626,0630,0631,0632
Psychologue (psychologue industriel),0340,0342,0346,0452
Querelle des anciens,0315
Rapsode,0799
Rapt,0090, 0099, 0298
Reagan,0313
Recherche,0044
Recrutement (entrevue),0314, 0316, 0319, 0320, 0327, 0329,0361
Refuge,0057, 0095, 0110, 0117
Regard,0793
Religieux,0431
Rencontre,0255
Respiration (souffle),0084, 0292, 0293,0557
Ressource naturelle,0576
Retard,0263
Retraite,0794
Revenant,0102
Rumination,0295, 0296
Sac de viande,0190, 0205
Sauvetage,0304,0532
Savoir,0017, 0035, 0013, 0014, 0015, 0243, 0255
Science,0305
Signature,0220
Silence,0037, 0053
Solitude,0063, 0259
Sortie (sortie de secours),0058
Souterrain,0251,0375,472,0473
Storytelling,0317
Suicide,0038, 0039, 0040
Sujet subalterne,0011, 1232
Surveillance,0250, 0300
Sympathie (onde de sympathie),0263
Taxi,0304
Technicien,0472,0473
Technologie,0344
Temple,0472
Tigre de papier,0623
Tisserand,0325
Toundra,0568,0579
Trahison,0115
Train,0289
Trajectoire,0061,0554,0555
Transcripteur (peuple des transcripteurs),0312, 0317, 0324, 0325, 0326, 0328, 0329, 0330, 0331, 0332, 1228, 1231, 1232, 0333, 0334, 0335, 0336, 0337,0349,0351,0352,0353,0354,0356,0357,0358,0359,0360,0363,0364,0365,0366,0367,0368,0369,0370,0371,0372,0379,0386,0387,0396,0399,0481,0538,0539,0540,0541,0542,0543,0554,0557,0601,0608,0619,0629,0685,0763,0768,0769,0779,0780,0781,0782,0784,0785,0786,0789,0790,0791,0794,0796,0797
Transcription (atelier de transcription),0089, 0320, 0321, 0323, 0324, 0325, 0326, 0327, 0328, 0336,0369,0372,0373,0377,0379,0569,0790
Transfert (contretransfert),0052,0632
Transgression,0289
Transhumance 0328, 0330, 0335,0351,0780
Travail,0253, 0254
Tribu,0799
Tunnelier,0120
Urgence,0304
Vandales,0333,0351
Vie psychique/vie empirique,0409,0410
Ville (peuple des villes),0324, 0792 1233
Visiteur,0415
Vocation,0317, 0334,0359,0371,0546
Voleur de mots,0360,0363
